{
    "pages": [
        {
            "question": [
                {
                    "r": 0,
                    "w": 0,
                    "sr": 2,
                    "sw": 3,
                    "eimg": "http://www.baidu.com/log.png",
                    "err": [
                        {
                            "id": 1,
                            "desc": "审题不清,技巧不清",
                            "x": 12,
                            "y": 12
                        }
                    ]
                }
            ],
            "page": {
                "img": "http://www.baidu.com/log.png",
                "imgorg": "http://www.baidu.com/log.png",
                "w": 166,
                "h": 188,
                "index": 0
            }
        }
    ],
    "font": 10,
    "callback": {}
}